<?xml version="1.0" encoding="UTF-8"?>

<templates xml:space="preserve">

    <t t-name="batch_payments_selector">
        <div t-if="batchPayments.length > 0" class="dropdown batch_payments_selector">
            <a data-toggle="dropdown" href="javascript:void(0)">
                <i class="fa fa-bookmark"></i> Select a Batch Payment
            </a>
            <ul class="dropdown-menu" role="menu">
                <t t-foreach="batchPayments" t-as="batch">
                    <li role="presentation"><a role="menuitem" tabindex="-1" href="javascript:void(0)" class="batch_payment" t-att-data-batch_payment_id="batch.id">
                        <t t-esc="batch.name"/> :
                        <t t-esc="batch.amount_str"/>
                        <t t-if="batch.amount_currency_str">
                            (<t t-esc="batch.amount_currency_str"/>)
                        </t>
                    </a></li>
                </t>
            </ul>
        </div>
    </t>

</templates>
